{"cameraMode":{"drawMode":0,"name":"Shaded","section":"Shading Mode"},"sceneLighting":true,"audioPlay":false,"sceneViewState":{"showFog":true,"showMaterialUpdate":false,"showSkybox":true,"showFlares":true,"showImageEffects":true,"showParticleSystems":true,"showVisualEffectGraphs":true,"m_FxEnabled":true},"in2DMode":false,"pivot":{"x":-0.09687632322311402,"y":8.933392524719239,"z":-33.75197982788086},"rotation":{"x":-0.0011325483210384846,"y":-0.9856911897659302,"z":0.16869178414344788,"w":-0.006552880629897118},"size":21.442829132080079,"orthographic":false}