{"cameraMode":{"drawMode":0,"name":"Shaded","section":"Shading Mode"},"sceneLighting":true,"audioPlay":false,"sceneViewState":{"showFog":true,"showMaterialUpdate":false,"showSkybox":true,"showFlares":true,"showImageEffects":true,"showParticleSystems":true,"showVisualEffectGraphs":true,"m_FxEnabled":true},"in2DMode":false,"pivot":{"x":12.126106262207032,"y":-35.92851257324219,"z":198.9479522705078},"rotation":{"x":-0.09285280853509903,"y":-0.017016027122735978,"z":0.0015940682496875525,"w":-0.9955305457115173},"size":127.47054290771485,"orthographic":false}