{"cameraMode":{"drawMode":0,"name":"Shaded","section":"Shading Mode"},"sceneLighting":true,"audioPlay":false,"sceneViewState":{"showFog":true,"showMaterialUpdate":false,"showSkybox":true,"showFlares":true,"showImageEffects":true,"showParticleSystems":true,"showVisualEffectGraphs":true,"m_FxEnabled":true},"in2DMode":false,"pivot":{"x":-2.628666877746582,"y":-51.17153549194336,"z":98.90032196044922},"rotation":{"x":-0.23216784000396729,"y":0.003801308572292328,"z":-0.0009142049239017069,"w":-0.9726560115814209},"size":72.61605072021485,"orthographic":false}