{"cameraMode":{"drawMode":0,"name":"Shaded","section":"Shading Mode"},"sceneLighting":true,"audioPlay":false,"sceneViewState":{"showFog":true,"showMaterialUpdate":false,"showSkybox":true,"showFlares":true,"showImageEffects":true,"showParticleSystems":true,"showVisualEffectGraphs":true,"m_FxEnabled":true},"in2DMode":false,"pivot":{"x":3.8490400314331056,"y":-86.58143615722656,"z":-179.7362518310547},"rotation":{"x":0.003274195361882448,"y":0.9739393591880798,"z":-0.22630758583545686,"w":0.01405120175331831},"size":103.02204132080078,"orthographic":false}