{"cameraMode":{"drawMode":0,"name":"Shaded","section":"Shading Mode"},"sceneLighting":true,"audioPlay":false,"sceneViewState":{"showFog":true,"showMaterialUpdate":false,"showSkybox":true,"showFlares":true,"showImageEffects":true,"showParticleSystems":true,"showVisualEffectGraphs":true,"m_FxEnabled":true},"in2DMode":false,"pivot":{"x":0.28282201290130618,"y":-60.518341064453128,"z":100.57018280029297},"rotation":{"x":-0.2814512848854065,"y":-0.0020076055079698564,"z":0.000581960950512439,"w":-0.9595599174499512},"size":77.54994201660156,"orthographic":false}