{"cameraMode":{"drawMode":0,"name":"Shaded","section":"Shading Mode"},"sceneLighting":true,"audioPlay":false,"sceneViewState":{"showFog":true,"showMaterialUpdate":false,"showSkybox":true,"showFlares":true,"showImageEffects":true,"showParticleSystems":true,"showVisualEffectGraphs":true,"m_FxEnabled":true},"in2DMode":false,"pivot":{"x":0.026648204773664476,"y":-50.37640380859375,"z":71.62283325195313},"rotation":{"x":0.3015408515930176,"y":-0.000003644901653387933,"z":0.0000013314162288224907,"w":0.9534487128257752},"size":57.78341293334961,"orthographic":false}