{"cameraMode":{"drawMode":0,"name":"Shaded","section":"Shading Mode"},"sceneLighting":true,"audioPlay":false,"sceneViewState":{"showFog":true,"showMaterialUpdate":false,"showSkybox":true,"showFlares":true,"showImageEffects":true,"showParticleSystems":true,"showVisualEffectGraphs":true,"m_FxEnabled":true},"in2DMode":false,"pivot":{"x":-5.126941680908203,"y":30.659177780151368,"z":-2.5032882690429689},"rotation":{"x":-0.034686386585235599,"y":-0.9633244872093201,"z":0.21743842959403993,"w":-0.15363061428070069},"size":20.185537338256837,"orthographic":false}