{"cameraMode":{"drawMode":0,"name":"Shaded","section":"Shading Mode"},"sceneLighting":true,"audioPlay":false,"sceneViewState":{"showFog":true,"showMaterialUpdate":false,"showSkybox":true,"showFlares":true,"showImageEffects":true,"showParticleSystems":true,"showVisualEffectGraphs":true,"m_FxEnabled":true},"in2DMode":false,"pivot":{"x":-5.494606018066406,"y":-316.6175537109375,"z":525.2015380859375},"rotation":{"x":0.25947898626327517,"y":-0.011589480563998223,"z":0.0031124588567763569,"w":0.9656879305839539},"size":388.7777404785156,"orthographic":false}