{"cameraMode":{"drawMode":0,"name":"Shaded","section":"Shading Mode"},"sceneLighting":true,"audioPlay":false,"sceneViewState":{"showFog":true,"showMaterialUpdate":false,"showSkybox":true,"showFlares":true,"showImageEffects":true,"showParticleSystems":true,"showVisualEffectGraphs":true,"m_FxEnabled":true},"in2DMode":false,"pivot":{"x":0.7216406464576721,"y":-24.88754653930664,"z":64.38392639160156},"rotation":{"x":0.18080845475196839,"y":0.004421466961503029,"z":-0.000813206541351974,"w":0.9835102558135986},"size":45.21470260620117,"orthographic":false}