{"cameraMode":{"drawMode":0,"name":"Shaded","section":"Shading Mode"},"sceneLighting":true,"audioPlay":false,"sceneViewState":{"showFog":true,"showMaterialUpdate":false,"showSkybox":true,"showFlares":true,"showImageEffects":true,"showParticleSystems":true,"showVisualEffectGraphs":true,"m_FxEnabled":true},"in2DMode":false,"pivot":{"x":3.552114486694336,"y":-85.82386779785156,"z":110.52238464355469},"rotation":{"x":0.3328326642513275,"y":0.0025343652814626695,"z":-0.0008825568947941065,"w":0.9429718852043152},"size":86.96754455566406,"orthographic":false}