{"cameraMode":{"drawMode":0,"name":"Shaded","section":"Shading Mode"},"sceneLighting":true,"audioPlay":false,"sceneViewState":{"showFog":true,"showMaterialUpdate":false,"showSkybox":true,"showFlares":true,"showImageEffects":true,"showParticleSystems":true,"showVisualEffectGraphs":true,"m_FxEnabled":true},"in2DMode":false,"pivot":{"x":-1.9091746807098389,"y":-83.73638153076172,"z":111.86790466308594},"rotation":{"x":0.3186270594596863,"y":-0.011670190840959549,"z":0.003935392014682293,"w":0.9477871060371399},"size":86.96754455566406,"orthographic":false}