{"cameraMode":{"drawMode":0,"name":"Shaded","section":"Shading Mode"},"sceneLighting":true,"audioPlay":false,"sceneViewState":{"showFog":true,"showMaterialUpdate":false,"showSkybox":true,"showFlares":true,"showImageEffects":true,"showParticleSystems":true,"showVisualEffectGraphs":true,"m_FxEnabled":true},"in2DMode":false,"pivot":{"x":-26.769954681396486,"y":-26.260536193847658,"z":122.83073425292969},"rotation":{"x":0.24874253571033479,"y":-0.06677069514989853,"z":0.01717468537390232,"w":0.9660890102386475},"size":106.84628295898438,"orthographic":false}