{"cameraMode":{"drawMode":0,"name":"Shaded","section":"Shading Mode"},"sceneLighting":true,"audioPlay":false,"sceneViewState":{"showFog":true,"showMaterialUpdate":false,"showSkybox":true,"showFlares":true,"showImageEffects":true,"showParticleSystems":true,"showVisualEffectGraphs":true,"m_FxEnabled":true},"in2DMode":false,"pivot":{"x":26.68988609313965,"y":261.0002136230469,"z":42.440330505371097},"rotation":{"x":-0.49216702580451968,"y":0.10783017426729202,"z":0.061582595109939578,"w":0.8615793585777283},"size":106.84628295898438,"orthographic":false}